population,generations,mutation_rate,crossover_rate,tournament_rate,average_fitness
650,12,0.22,0.561,0.745,257553.66999999998
562,28,0.046,0.727,0.351,415052.04000000004
563,30,0.21,0.776,0.313,270873.95
153,52,0.028,0.955,0.059,432646.25999999995
310,17,0.009,0.579,0.468,335946.45
348,26,0.18,0.976,0.172,248411.21999999997
966,51,0.034,0.883,0.602,471620.07
524,97,0.01,0.944,0.271,469852.2
682,23,0.142,0.998,0.652,377045.64
841,93,0.046,0.87,0.634,473289.32999999996
