population,generations,mutation_rate,crossover_rate,tournament_rate,average_fitness
443,99,0.236,0.736,0.681,309916.52999999997
415,62,0.166,0.794,0.213,378360.17000000004
745,52,0.23,0.953,0.299,320223.55999999994
859,47,0.036,0.979,0.296,515317.43999999994
519,37,0.18,0.923,0.462,359012.66
165,15,0.082,0.88,0.102,227101.34
356,72,0.017,0.626,0.381,416797.43999999994
432,71,0.0,0.957,0.711,207915.47000000003
880,27,0.223,0.613,0.664,271267.33
777,73,0.208,0.998,0.441,376322.39
